{
	"credit": "Made with Blockbench",
	"texture_size": [128, 128],
	"textures": {
		"0": "modelengine:entity/lr_paladin"
	},
	"elements": [
		{
			"from": [3.4473, -6.24663, 7.53783],
			"to": [5.4273, -4.92663, 13.47783],
			"rotation": {"angle": 0, "axis": "y", "origin": [13.3473, 6.95337, 3.57783]},
			"faces": {
				"north": {"uv": [4.121, 11.379, 3.754, 11.621], "rotation": 180, "texture": "#0"},
				"east": {"uv": [1.004, 6.004, 1.246, 7.121], "rotation": 270, "texture": "#0"},
				"south": {"uv": [11.746, 2.496, 11.379, 2.254], "texture": "#0"},
				"west": {"uv": [3.004, 10.504, 3.246, 11.621], "rotation": 90, "texture": "#0"},
				"up": {"uv": [7.004, 8.754, 7.371, 9.871], "rotation": 180, "texture": "#0"},
				"down": {"uv": [3.754, 10.254, 4.121, 11.371], "texture": "#0"}
			}
		},
		{
			"from": [4.1073, -4.92663, 7.53783],
			"to": [5.4273, 10.91337, 13.47783],
			"rotation": {"angle": 0, "axis": "y", "origin": [13.3473, 6.95337, 3.57783]},
			"faces": {
				"north": {"uv": [1.996, 8.129, 1.754, 11.121], "rotation": 180, "texture": "#0"},
				"east": {"uv": [0.004, 0.004, 2.996, 1.121], "rotation": 270, "texture": "#0"},
				"south": {"uv": [3.746, 10.996, 3.504, 8.004], "texture": "#0"},
				"west": {"uv": [0.004, 1.129, 2.996, 2.246], "rotation": 90, "texture": "#0"},
				"up": {"uv": [8.129, 10.504, 8.371, 11.621], "rotation": 180, "texture": "#0"},
				"down": {"uv": [0.629, 10.629, 0.871, 11.746], "texture": "#0"}
			}
		},
		{
			"from": [5.4273, 4.31337, 8.85783],
			"to": [8.0673, 9.59337, 10.83783],
			"rotation": {"angle": 0, "axis": "y", "origin": [13.3473, 6.95337, 3.57783]},
			"faces": {
				"north": {"uv": [14.5, 10.129, 14, 11.129], "rotation": 180, "texture": "#0"},
				"east": {"uv": [12.25, 9.879, 13.25, 10.254], "rotation": 270, "texture": "#0"},
				"south": {"uv": [13.75, 11.129, 13.25, 10.129], "texture": "#0"},
				"west": {"uv": [12.25, 10.254, 13.25, 10.629], "rotation": 90, "texture": "#0"},
				"up": {"uv": [12.5, 10.629, 13, 11.004], "rotation": 180, "texture": "#0"},
				"down": {"uv": [12.375, 11.004, 12.875, 11.379], "texture": "#0"}
			}
		},
		{
			"from": [3.4473, 6.29337, 8.19783],
			"to": [4.1073, 7.61337, 9.51783],
			"rotation": {"angle": 0, "axis": "y", "origin": [13.3473, 6.95337, 3.57783]},
			"faces": {
				"north": {"uv": [11.746, 1.004, 11.629, 1.246], "rotation": 180, "texture": "#0"},
				"east": {"uv": [10.629, 9.879, 10.871, 10.121], "rotation": 270, "texture": "#0"},
				"south": {"uv": [11.746, 0.996, 11.629, 0.754], "texture": "#0"},
				"west": {"uv": [10.629, 11.379, 10.871, 11.621], "rotation": 90, "texture": "#0"},
				"up": {"uv": [11.629, 0.004, 11.746, 0.246], "rotation": 180, "texture": "#0"},
				"down": {"uv": [11.629, 0.254, 11.746, 0.496], "texture": "#0"}
			}
		},
		{
			"from": [3.4473, -4.92663, 7.53783],
			"to": [4.1073, 10.91337, 8.19783],
			"rotation": {"angle": 0, "axis": "y", "origin": [13.3473, 6.95337, 3.57783]},
			"faces": {
				"north": {"uv": [5.871, 10.129, 5.754, 13.121], "rotation": 180, "texture": "#0"},
				"east": {"uv": [10.129, 1.754, 13.121, 1.871], "rotation": 270, "texture": "#0"},
				"south": {"uv": [0.621, 12.496, 0.504, 9.504], "texture": "#0"},
				"west": {"uv": [10.129, 1.879, 13.121, 1.996], "rotation": 90, "texture": "#0"},
				"up": {"uv": [3.129, 5.379, 3.246, 5.496], "rotation": 180, "texture": "#0"},
				"down": {"uv": [4.754, 5.504, 4.871, 5.621], "texture": "#0"}
			}
		},
		{
			"from": [3.4473, 10.91337, 7.53783],
			"to": [4.1073, 12.23337, 10.17783],
			"rotation": {"angle": 0, "axis": "y", "origin": [13.3473, 6.95337, 3.57783]},
			"faces": {
				"north": {"uv": [11.746, 2.754, 11.629, 2.996], "rotation": 180, "texture": "#0"},
				"east": {"uv": [8.879, 11.254, 9.121, 11.746], "rotation": 270, "texture": "#0"},
				"south": {"uv": [11.746, 2.746, 11.629, 2.504], "texture": "#0"},
				"west": {"uv": [9.129, 11.254, 9.371, 11.746], "rotation": 90, "texture": "#0"},
				"up": {"uv": [2.379, 11.379, 2.496, 11.871], "rotation": 180, "texture": "#0"},
				"down": {"uv": [11.379, 10.629, 11.496, 11.121], "texture": "#0"}
			}
		},
		{
			"from": [3.4473, 4.97337, 9.51783],
			"to": [4.1073, 8.93337, 10.83783],
			"rotation": {"angle": 0, "axis": "y", "origin": [13.3473, 6.95337, 3.57783]},
			"faces": {
				"north": {"uv": [7.746, 8.254, 7.629, 8.996], "rotation": 180, "texture": "#0"},
				"east": {"uv": [11.129, 6.129, 11.871, 6.371], "rotation": 270, "texture": "#0"},
				"south": {"uv": [0.996, 8.996, 0.879, 8.254], "texture": "#0"},
				"west": {"uv": [11.129, 6.754, 11.871, 6.996], "rotation": 90, "texture": "#0"},
				"up": {"uv": [11.629, 1.254, 11.746, 1.496], "rotation": 180, "texture": "#0"},
				"down": {"uv": [11.629, 1.504, 11.746, 1.746], "texture": "#0"}
			}
		},
		{
			"from": [4.1073, 10.91337, 7.53783],
			"to": [5.4273, 14.87337, 15.45783],
			"rotation": {"angle": 0, "axis": "y", "origin": [13.3473, 6.95337, 3.57783]},
			"faces": {
				"north": {"uv": [2.746, 11.129, 2.504, 11.871], "rotation": 180, "texture": "#0"},
				"east": {"uv": [2.254, 6.504, 2.996, 7.996], "rotation": 270, "texture": "#0"},
				"south": {"uv": [1.871, 11.871, 1.629, 11.129], "texture": "#0"},
				"west": {"uv": [3.004, 6.504, 3.746, 7.996], "rotation": 90, "texture": "#0"},
				"up": {"uv": [8.629, 10.379, 8.871, 11.871], "rotation": 180, "texture": "#0"},
				"down": {"uv": [0.004, 10.504, 0.246, 11.996], "texture": "#0"}
			}
		},
		{
			"from": [4.4373, 12.89337, 13.47783],
			"to": [5.0973, 15.53337, 20.07783],
			"rotation": {"angle": 0, "axis": "y", "origin": [13.3473, 6.95337, 3.57783]},
			"faces": {
				"north": {"uv": [11.621, 0.004, 11.504, 0.496], "rotation": 180, "texture": "#0"},
				"east": {"uv": [6.004, 8.754, 6.496, 9.996], "rotation": 270, "texture": "#0"},
				"south": {"uv": [11.496, 11.621, 11.379, 11.129], "texture": "#0"},
				"west": {"uv": [6.504, 8.754, 6.996, 9.996], "rotation": 90, "texture": "#0"},
				"up": {"uv": [4.629, 10.879, 4.746, 12.121], "rotation": 180, "texture": "#0"},
				"down": {"uv": [5.629, 11.004, 5.746, 12.246], "texture": "#0"}
			}
		},
		{
			"from": [4.4373, 10.25337, 13.47783],
			"to": [5.0973, 12.89337, 17.43783],
			"rotation": {"angle": 0, "axis": "y", "origin": [13.3473, 6.95337, 3.57783]},
			"faces": {
				"north": {"uv": [4.871, 11.504, 4.754, 11.996], "rotation": 180, "texture": "#0"},
				"east": {"uv": [10.504, 0.004, 10.996, 0.746], "rotation": 270, "texture": "#0"},
				"south": {"uv": [11.621, 2.996, 11.504, 2.504], "texture": "#0"},
				"west": {"uv": [0.879, 10.504, 1.371, 11.246], "rotation": 90, "texture": "#0"},
				"up": {"uv": [1.629, 9.254, 1.746, 9.996], "rotation": 180, "texture": "#0"},
				"down": {"uv": [5.879, 9.254, 5.996, 9.996], "texture": "#0"}
			}
		},
		{
			"from": [3.4473, 13.55337, 12.15783],
			"to": [6.0873, 16.85337, 16.77783],
			"rotation": {"angle": 0, "axis": "y", "origin": [13.3473, 6.95337, 3.57783]},
			"faces": {
				"north": {"uv": [11.121, 9.254, 10.629, 9.871], "rotation": 180, "texture": "#0"},
				"east": {"uv": [9.254, 4.629, 9.871, 5.496], "rotation": 270, "texture": "#0"},
				"south": {"uv": [11.121, 9.246, 10.629, 8.629], "texture": "#0"},
				"west": {"uv": [5.254, 9.254, 5.871, 10.121], "rotation": 90, "texture": "#0"},
				"up": {"uv": [5.254, 10.129, 5.746, 10.996], "rotation": 180, "texture": "#0"},
				"down": {"uv": [8.879, 10.129, 9.371, 10.996], "texture": "#0"}
			}
		},
		{
			"from": [3.4473, 14.21337, 7.53783],
			"to": [6.0873, 15.53337, 12.15783],
			"rotation": {"angle": 0, "axis": "y", "origin": [13.3473, 6.95337, 3.57783]},
			"faces": {
				"north": {"uv": [7.371, 11.254, 6.879, 11.496], "rotation": 180, "texture": "#0"},
				"east": {"uv": [3.504, 11.004, 3.746, 11.871], "rotation": 270, "texture": "#0"},
				"south": {"uv": [11.746, 6.621, 11.254, 6.379], "texture": "#0"},
				"west": {"uv": [5.129, 11.004, 5.371, 11.871], "rotation": 90, "texture": "#0"},