{
	"credit": "Made with Blockbench",
	"texture_size": [128, 128],
	"textures": {
		"0": "modelengine:entity/lr_paladin"
	},
	"elements": [
		{
			"from": [5.2138, 11.01877, 5.23955],
			"to": [9.5338, 15.33877, 9.55955],
			"rotation": {"angle": 0, "axis": "y", "origin": [7.3738, 4.80877, 8.34455]},
			"faces": {
				"north": {"uv": [8.496, 3.879, 7.504, 4.871], "rotation": 180, "texture": "#0"},
				"east": {"uv": [7.254, 1.879, 8.246, 2.871], "rotation": 270, "texture": "#0"},
				"south": {"uv": [7.746, 8.246, 6.754, 7.254], "texture": "#0"},
				"west": {"uv": [5.754, 7.254, 6.746, 8.246], "rotation": 90, "texture": "#0"},
				"up": {"uv": [0.004, 7.254, 0.996, 8.246], "rotation": 180, "texture": "#0"},
				"down": {"uv": [7.254, 2.879, 8.246, 3.871], "texture": "#0"}
			}
		},
		{
			"from": [5.2138, 11.01877, 10.09955],
			"to": [9.5338, 15.33877, 11.71955],
			"rotation": {"angle": 0, "axis": "y", "origin": [7.3738, 4.80877, 8.34455]},
			"faces": {
				"north": {"uv": [8.496, 5.879, 7.504, 6.871], "rotation": 180, "texture": "#0"},
				"east": {"uv": [10.504, 2.504, 11.496, 2.871], "rotation": 270, "texture": "#0"},
				"south": {"uv": [8.496, 5.871, 7.504, 4.879], "texture": "#0"},
				"west": {"uv": [10.629, 0.754, 11.621, 1.121], "rotation": 90, "texture": "#0"},
				"up": {"uv": [10.254, 6.379, 11.246, 6.746], "rotation": 180, "texture": "#0"},
				"down": {"uv": [10.504, 2.879, 11.496, 3.246], "texture": "#0"}
			}
		},
		{
			"from": [5.7538, 11.55877, 9.55955],
			"to": [8.9938, 14.79877, 10.09955],
			"rotation": {"angle": 0, "axis": "y", "origin": [7.3738, 4.80877, 8.34455]},
			"faces": {
				"north": {"uv": [9.871, 8.879, 9.129, 9.621], "rotation": 180, "texture": "#0"},
				"east": {"uv": [6.254, 0.879, 6.996, 0.996], "rotation": 270, "texture": "#0"},
				"south": {"uv": [9.871, 8.871, 9.129, 8.129], "texture": "#0"},
				"west": {"uv": [3.754, 9.629, 4.496, 9.746], "rotation": 90, "texture": "#0"},
				"up": {"uv": [4.004, 5.504, 4.746, 5.621], "rotation": 180, "texture": "#0"},
				"down": {"uv": [5.754, 7.129, 6.496, 7.246], "texture": "#0"}
			}
		},
		{
			"from": [4.6738, 10.47877, 3.07955],
			"to": [10.0738, 15.87877, 5.23955],
			"rotation": {"angle": 0, "axis": "y", "origin": [7.3738, 4.80877, 8.34455]},
			"faces": {
				"north": {"uv": [1.246, 4.754, 0.004, 5.996], "rotation": 180, "texture": "#0"},
				"east": {"uv": [8.754, 0.504, 9.996, 0.996], "rotation": 270, "texture": "#0"},
				"south": {"uv": [5.871, 2.246, 4.629, 1.004], "texture": "#0"},
				"west": {"uv": [8.879, 1.504, 10.121, 1.996], "rotation": 90, "texture": "#0"},
				"up": {"uv": [8.754, 0.004, 9.996, 0.496], "rotation": 180, "texture": "#0"},
				"down": {"uv": [8.879, 1.004, 10.121, 1.496], "texture": "#0"}
			}
		},
		{
			"from": [6.2938, 6.69877, 5.77955],
			"to": [8.4538, 11.01877, 7.93955],
			"rotation": {"angle": 0, "axis": "y", "origin": [7.3738, 4.80877, 8.34455]},
			"faces": {
				"north": {"uv": [0.496, 9.504, 0.004, 10.496], "rotation": 180, "texture": "#0"},
				"east": {"uv": [9.254, 6.504, 10.246, 6.996], "rotation": 270, "texture": "#0"},
				"south": {"uv": [8.871, 10.371, 8.379, 9.379], "texture": "#0"},
				"west": {"uv": [9.629, 3.254, 10.621, 3.746], "rotation": 90, "texture": "#0"},
				"up": {"uv": [4.129, 10.879, 4.621, 11.371], "rotation": 180, "texture": "#0"},
				"down": {"uv": [10.379, 10.879, 10.871, 11.371], "texture": "#0"}
			}
		},
		{
			"from": [6.8338, -3.56123, 6.31955],
			"to": [7.9138, 6.69877, 7.39955],
			"rotation": {"angle": 0, "axis": "y", "origin": [7.3738, 4.80877, 8.34455]},
			"faces": {
				"north": {"uv": [7.621, 8.254, 7.379, 10.621], "rotation": 180, "texture": "#0"},
				"east": {"uv": [8.879, 2.004, 11.246, 2.246], "rotation": 270, "texture": "#0"},
				"south": {"uv": [0.871, 10.621, 0.629, 8.254], "texture": "#0"},
				"west": {"uv": [9.004, 2.254, 11.371, 2.496], "rotation": 90, "texture": "#0"},
				"up": {"uv": [11.504, 3.004, 11.746, 3.246], "rotation": 180, "texture": "#0"},
				"down": {"uv": [4.879, 11.504, 5.121, 11.746], "texture": "#0"}
			}
		},
		{
			"from": [6.2938, -7.88123, 5.77955],
			"to": [8.4538, -3.56123, 7.93955],
			"rotation": {"angle": 0, "axis": "y", "origin": [7.3738, 4.80877, 8.34455]},
			"faces": {
				"north": {"uv": [2.496, 9.879, 2.004, 10.871], "rotation": 180, "texture": "#0"},
				"east": {"uv": [8.879, 9.629, 9.871, 10.121], "rotation": 270, "texture": "#0"},
				"south": {"uv": [5.246, 10.746, 4.754, 9.754], "texture": "#0"},
				"west": {"uv": [3.754, 9.754, 4.746, 10.246], "rotation": 90, "texture": "#0"},
				"up": {"uv": [10.879, 10.629, 11.371, 11.121], "rotation": 180, "texture": "#0"},
				"down": {"uv": [11.004, 0.004, 11.496, 0.496], "texture": "#0"}
			}
		},
		{
			"from": [8.9938, 14.79877, 5.23955],
			"to": [10.0738, 15.87877, 8.47955],
			"rotation": {"angle": 0, "axis": "y", "origin": [7.3738, 4.80877, 8.34455]},
			"faces": {
				"north": {"uv": [6.371, 11.504, 6.129, 11.746], "rotation": 180, "texture": "#0"},
				"east": {"uv": [11.129, 7.004, 11.371, 7.746], "rotation": 270, "texture": "#0"},
				"south": {"uv": [6.121, 11.746, 5.879, 11.504], "texture": "#0"},
				"west": {"uv": [11.129, 7.754, 11.371, 8.496], "rotation": 90, "texture": "#0"},
				"up": {"uv": [2.754, 11.129, 2.996, 11.871], "rotation": 180, "texture": "#0"},
				"down": {"uv": [7.629, 11.129, 7.871, 11.871], "texture": "#0"}
			}
		},
		{
			"from": [4.6738, 14.79877, 5.23955],
			"to": [5.7538, 15.87877, 8.47955],
			"rotation": {"angle": 0, "axis": "y", "origin": [7.3738, 4.80877, 8.34455]},
			"faces": {
				"north": {"uv": [6.129, 11.504, 6.371, 11.746], "rotation": 180, "texture": "#0"},
				"east": {"uv": [11.371, 7.754, 11.129, 8.496], "rotation": 270, "texture": "#0"},
				"south": {"uv": [5.879, 11.746, 6.121, 11.504], "texture": "#0"},
				"west": {"uv": [11.371, 7.004, 11.129, 7.746], "rotation": 90, "texture": "#0"},
				"up": {"uv": [2.996, 11.129, 2.754, 11.871], "rotation": 180, "texture": "#0"},
				"down": {"uv": [7.871, 11.129, 7.629, 11.871], "texture": "#0"}
			}
		},
		{
			"from": [4.6738, 10.47877, 5.23955],
			"to": [5.7538, 11.55877, 8.47955],
			"rotation": {"angle": 0, "axis": "y", "origin": [7.3738, 4.80877, 8.34455]},
			"faces": {
				"north": {"uv": [6.129, 11.746, 6.371, 11.504], "rotation": 180, "texture": "#0"},
				"east": {"uv": [11.129, 7.754, 11.371, 8.496], "rotation": 270, "texture": "#0"},
				"south": {"uv": [5.879, 11.504, 6.121, 11.746], "texture": "#0"},
				"west": {"uv": [11.129, 7.004, 11.371, 7.746], "rotation": 90, "texture": "#0"},
				"up": {"uv": [7.629, 11.129, 7.871, 11.871], "rotation": 180, "texture": "#0"},
				"down": {"uv": [2.754, 11.129, 2.996, 11.871], "texture": "#0"}
			}
		},
		{
			"from": [8.9938, 10.47877, 5.23955],
			"to": [10.0738, 11.55877, 8.47955],
			"rotation": {"angle": 0, "axis": "y", "origin": [7.3738, 4.80877, 8.34455]},
			"faces": {
				"north": {"uv": [6.371, 11.746, 6.129, 11.504], "rotation": 180, "texture": "#0"},
				"east": {"uv": [11.371, 7.004, 11.129, 7.746], "rotation": 270, "texture": "#0"},
				"south": {"uv": [6.121, 11.504, 5.879, 11.746], "texture": "#0"},
				"west": {"uv": [11.371, 7.754, 11.129, 8.496], "rotation": 90, "texture": "#0"},
				"up": {"uv": [7.871, 11.129, 7.629, 11.871], "rotation": 180, "texture": "#0"},
				"down": {"uv": [2.996, 11.129, 2.754, 11.871], "texture": "#0"}
			}
		},
		{
			"from": [5.2138, 14.25877, 11.71955],
			"to": [9.5338, 15.33877, 13.33955],
			"rotation": {"angle": 0, "axis": "y", "origin": [7.3738, 4.80877, 8.34455]},
			"faces": {
				"north": {"uv": [9.871, 11.004, 8.879, 11.246], "rotation": 180, "texture": "#0"},
				"east": {"uv": [3.254, 11.379, 3.496, 11.746], "rotation": 270, "texture": "#0"},
				"south": {"uv": [11.996, 0.746, 11.004, 0.504], "texture": "#0"},
				"west": {"uv": [4.129, 11.379, 4.371, 11.746], "rotation": 90, "texture": "#0"},
				"up": {"uv": [10.629, 1.129, 11.621, 1.496], "rotation": 180,